{"cameraMode":{"drawMode":0,"name":"Shaded","section":"Shading Mode"},"sceneLighting":false,"audioPlay":false,"sceneViewState":{"m_AlwaysRefresh":false,"showFog":true,"showSkybox":false,"showFlares":true,"showImageEffects":true,"showParticleSystems":true,"showVisualEffectGraphs":true,"m_FxEnabled":true},"in2DMode":false,"pivot":{"x":-2.2138707637786867,"y":1.2459063529968262,"z":-6.675564765930176},"rotation":{"x":0.06743200868368149,"y":0.022446906194090844,"z":-0.0015175064327195287,"w":0.9974725246429443},"size":0.06227082386612892,"orthographic":false}